"Package","Version","Built"
"askpass","1.2.1","R 4.6.0; aarch64-unknown-linux-gnu; 2026-08-12 20:33:34 UTC; unix"
"base64enc","0.1-6","R 4.6.0; aarch64-unknown-linux-gnu; 2026-08-12 20:33:07 UTC; unix"
"bigD","0.3.1","R 4.6.0; ; 2026-04-24 17:04:40 UTC; unix"
"bitops","1.1-0","R 4.6.0; aarch64-unknown-linux-gnu; 2026-07-31 08:02:12 UTC; unix"
"brio","1.1.5","R 4.6.0; aarch64-unknown-linux-gnu; 2026-04-23 22:29:14 UTC; unix"
"bslib","0.12.0","R 4.6.0; ; 2026-08-12 20:37:20 UTC; unix"
"cachem","1.1.0","R 4.6.0; aarch64-unknown-linux-gnu; 2026-08-12 20:33:46 UTC; unix"
"callr","3.8.0","R 4.6.0; ; 2026-08-12 20:34:11 UTC; unix"
"cli","3.6.6","R 4.6.0; aarch64-unknown-linux-gnu; 2026-08-12 20:33:10 UTC; unix"
"commonmark","2.0.0","R 4.6.0; aarch64-unknown-linux-gnu; 2026-08-12 20:33:09 UTC; unix"
"cpp11","0.5.5","R 4.6.0; ; 2026-08-12 20:33:11 UTC; unix"
"crayon","1.5.3","R 4.6.0; ; 2026-08-12 20:33:09 UTC; unix"
"curl","8.0.0","R 4.6.0; aarch64-unknown-linux-gnu; 2026-08-26 04:47:35 UTC; unix"
"desc","1.4.3","R 4.6.0; ; 2026-04-23 22:34:39 UTC; unix"
"diffobj","0.3.9","R 4.6.0; aarch64-unknown-linux-gnu; 2026-09-12 04:32:36 UTC; unix"
"digest","0.6.39","R 4.6.0; aarch64-unknown-linux-gnu; 2026-08-12 20:33:10 UTC; unix"
"dplyr","1.2.1","R 4.6.0; aarch64-unknown-linux-gnu; 2026-08-12 20:36:14 UTC; unix"
"evaluate","1.0.5","R 4.6.0; ; 2026-08-12 20:33:07 UTC; unix"
"farver","2.1.2","R 4.6.0; aarch64-unknown-linux-gnu; 2026-08-12 20:33:07 UTC; unix"
"fastmap","1.2.0","R 4.6.0; aarch64-unknown-linux-gnu; 2026-08-12 20:33:09 UTC; unix"
"fontawesome","0.5.3","R 4.6.0; ; 2026-08-12 20:34:24 UTC; unix"
"fs","2.1.0","R 4.6.0; aarch64-unknown-linux-gnu; 2026-08-12 20:33:22 UTC; unix"
"generics","0.1.4","R 4.6.0; ; 2026-08-12 20:33:11 UTC; unix"
"ggplot2","4.0.3","R 4.6.0; ; 2026-08-12 20:35:10 UTC; unix"
"glue","1.8.1","R 4.6.0; aarch64-unknown-linux-gnu; 2026-08-12 20:33:11 UTC; unix"
"gt","1.3.0","R 4.6.0; ; 2026-04-24 18:24:21 UTC; unix"
"gtable","0.3.6","R 4.6.0; ; 2026-08-12 20:34:27 UTC; unix"
"highr","0.12","R 4.6.0; ; 2026-08-12 20:34:09 UTC; unix"
"htmltools","0.5.9","R 4.6.0; aarch64-unknown-linux-gnu; 2026-08-12 20:33:49 UTC; unix"
"htmlwidgets","1.6.4","R 4.6.0; ; 2026-08-12 20:38:38 UTC; unix"
"httr2","1.3.0","R 4.6.0; ; 2026-07-14 05:21:39 UTC; unix"
"isoband","0.3.0","R 4.6.0; aarch64-unknown-linux-gnu; 2026-08-12 20:33:51 UTC; unix"
"jquerylib","0.1.4","R 4.6.0; ; 2026-08-12 20:34:25 UTC; unix"
"jsonlite","2.0.0","R 4.6.0; aarch64-unknown-linux-gnu; 2026-08-12 20:33:11 UTC; unix"
"juicyjuice","0.1.0","R 4.6.0; ; 2026-04-24 17:14:19 UTC; unix"
"knitr","1.52","R 4.6.0; ; 2026-09-07 04:02:14 UTC; unix"
"labeling","0.4.3","R 4.6.0; ; 2026-08-12 20:33:07 UTC; unix"
"lifecycle","1.0.5","R 4.6.0; ; 2026-08-12 20:33:51 UTC; unix"
"litedown","0.11","R 4.6.0; ; 2026-08-27 05:37:47 UTC; unix"
"lubridate","1.9.5","R 4.6.0; aarch64-unknown-linux-gnu; 2026-08-12 20:34:42 UTC; unix"
"magrittr","2.0.5","R 4.6.0; aarch64-unknown-linux-gnu; 2026-08-12 20:33:11 UTC; unix"
"markdown","2.0","R 4.6.0; ; 2026-08-12 20:34:39 UTC; unix"
"memoise","2.0.1","R 4.6.0; ; 2026-08-12 20:34:23 UTC; unix"
"mime","0.13","R 4.6.0; aarch64-unknown-linux-gnu; 2026-08-12 20:33:11 UTC; unix"
"openssl","2.4.2","R 4.6.0; aarch64-unknown-linux-gnu; 2026-08-12 20:34:18 UTC; unix"
"otel","0.2.0","R 4.6.0; ; 2026-08-12 20:33:08 UTC; unix"
"pillar","1.11.1","R 4.6.0; ; 2026-08-12 20:35:33 UTC; unix"
"pkgbuild","1.4.8","R 4.6.0; ; 2026-04-23 22:52:23 UTC; unix"
"pkgconfig","2.0.3","R 4.6.0; ; 2026-08-12 20:33:11 UTC; unix"
"pkgload","1.5.3","R 4.6.0; ; 2026-06-16 05:26:32 UTC; unix"
"praise","1.0.0","R 4.6.0; ; 2026-04-23 22:34:32 UTC; unix"
"prettyunits","1.2.0","R 4.6.0; ; 2026-08-12 20:33:09 UTC; unix"
"processx","3.9.0","R 4.6.0; aarch64-unknown-linux-gnu; 2026-08-12 20:33:36 UTC; unix"
"ps","1.9.3","R 4.6.0; aarch64-unknown-linux-gnu; 2026-08-12 20:33:10 UTC; unix"
"purrr","1.2.2","R 4.6.0; aarch64-unknown-linux-gnu; 2026-08-12 20:38:08 UTC; unix"
"R6","2.6.1","R 4.6.0; ; 2026-08-12 20:33:11 UTC; unix"
"rappdirs","0.3.4","R 4.6.0; aarch64-unknown-linux-gnu; 2026-08-12 20:33:11 UTC; unix"
"rcmdcheck","1.4.0","R 4.6.0; ; 2026-04-24 17:48:47 UTC; unix"
"RColorBrewer","1.1-3","R 4.6.0; ; 2026-08-12 20:33:09 UTC; unix"
"Rcpp","1.1.2","R 4.6.0; aarch64-unknown-linux-gnu; 2026-08-12 20:33:10 UTC; unix"
"reactable","0.4.5","R 4.6.0; ; 2026-08-12 20:39:09 UTC; unix"
"reactR","0.6.1","R 4.6.0; ; 2026-08-12 20:34:25 UTC; unix"
"rlang","1.3.0","R 4.6.0; aarch64-unknown-linux-gnu; 2026-08-12 20:33:12 UTC; unix"
"rmarkdown","2.32","R 4.6.0; ; 2026-09-02 04:11:33 UTC; unix"
"rprojroot","2.1.1","R 4.6.0; ; 2026-04-23 22:34:40 UTC; unix"
"S7","0.2.2","R 4.6.0; aarch64-unknown-linux-gnu; 2026-08-12 20:33:09 UTC; unix"
"sass","0.4.10","R 4.6.0; aarch64-unknown-linux-gnu; 2026-08-12 20:34:43 UTC; unix"
"scales","1.4.0","R 4.6.0; ; 2026-08-12 20:34:29 UTC; unix"
"sessioninfo","1.2.4","R 4.6.0; ; 2026-06-05 14:42:56 UTC; unix"
"stringi","1.8.9","R 4.6.0; aarch64-unknown-linux-gnu; 2026-08-12 20:33:23 UTC; unix"
"stringr","1.6.0","R 4.6.0; ; 2026-08-12 20:35:10 UTC; unix"
"sys","3.4.3","R 4.6.0; aarch64-unknown-linux-gnu; 2026-08-12 20:33:14 UTC; unix"
"testthat","3.3.2","R 4.6.0; aarch64-unknown-linux-gnu; 2026-04-23 23:02:01 UTC; unix"
"tibble","3.3.1","R 4.6.0; aarch64-unknown-linux-gnu; 2026-08-12 20:35:50 UTC; unix"
"tidyr","1.3.2","R 4.6.0; aarch64-unknown-linux-gnu; 2026-08-12 20:38:43 UTC; unix"
"tidyselect","1.2.1","R 4.6.0; ; 2026-08-12 20:35:04 UTC; unix"
"timechange","0.4.0","R 4.6.0; aarch64-unknown-linux-gnu; 2026-08-12 20:33:38 UTC; unix"
"tinytex","0.61","R 4.6.0; ; 2026-09-18 04:12:39 UTC; unix"
"utf8","1.2.6","R 4.6.0; aarch64-unknown-linux-gnu; 2026-08-12 20:33:24 UTC; unix"
"V8","8.2.0","R 4.6.0; aarch64-unknown-linux-gnu; 2026-07-06 14:51:50 UTC; unix"
"vctrs","0.7.3","R 4.6.0; aarch64-unknown-linux-gnu; 2026-08-12 20:34:27 UTC; unix"
"viridisLite","0.4.3","R 4.6.0; ; 2026-08-12 20:33:28 UTC; unix"
"waldo","0.6.2","R 4.6.0; ; 2026-04-23 22:40:23 UTC; unix"
"withr","3.0.3","R 4.6.0; ; 2026-08-12 20:33:30 UTC; unix"
"xfun","0.61","R 4.6.0; aarch64-unknown-linux-gnu; 2026-09-17 04:33:18 UTC; unix"
"xml2","1.6.0","R 4.6.0; aarch64-unknown-linux-gnu; 2026-08-12 20:33:57 UTC; unix"
"xopen","1.0.1","R 4.6.0; ; 2026-04-24 17:28:51 UTC; unix"
"yaml","2.3.12","R 4.6.0; aarch64-unknown-linux-gnu; 2026-08-12 20:33:33 UTC; unix"
"base","4.6.1","R 4.6.1; ; 2026-08-23 18:01:00 UTC; unix"
"boot","1.3-32","R 4.5.2; ; 'Thu, 04 Sep 2025 19:44:38 +0000'; unix"
"class","7.3-24","R 4.6.1; aarch64-unknown-linux-gnu; 'Tue, 04 Aug 2026 19:26:36 +0000'; unix"
"cluster","2.1.8.3","R 4.6.1; aarch64-unknown-linux-gnu; 'Fri, 31 Jul 2026 13:24:17 +0000'; unix"
"codetools","0.2-20","R 4.4.0; ; 'Sat, 27 Apr 2024 18:01:06 +0000'; unix"
"compiler","4.6.1","R 4.6.1; ; 2026-08-23 18:01:00 UTC; unix"
"datasets","4.6.1","R 4.6.1; ; 2026-08-23 18:01:00 UTC; unix"
"foreign","0.8-91","R 4.5.2; aarch64-unknown-linux-gnu; 'Sun, 08 Feb 2026 00:13:22 +0000'; unix"
"graphics","4.6.1","R 4.6.1; aarch64-unknown-linux-gnu; 2026-08-23 18:01:00 UTC; unix"
"grDevices","4.6.1","R 4.6.1; aarch64-unknown-linux-gnu; 2026-08-23 18:01:00 UTC; unix"
"grid","4.6.1","R 4.6.1; aarch64-unknown-linux-gnu; 2026-08-23 18:01:00 UTC; unix"
"KernSmooth","2.23-27","R 4.6.1; aarch64-unknown-linux-gnu; 'Mon, 17 Aug 2026 01:55:45 +0000'; unix"
"lattice","0.23-1","R 4.6.1; aarch64-unknown-linux-gnu; 'Mon, 17 Aug 2026 01:55:56 +0000'; unix"
"MASS","7.3-66","R 4.6.1; aarch64-unknown-linux-gnu; 'Fri, 17 Jul 2026 13:21:58 +0000'; unix"
"Matrix","1.7-6","R 4.6.1; aarch64-unknown-linux-gnu; 'Tue, 28 Jul 2026 14:22:22 +0000'; unix"
"methods","4.6.1","R 4.6.1; aarch64-unknown-linux-gnu; 2026-08-23 18:01:00 UTC; unix"
"mgcv","1.9-4","R 4.5.2; aarch64-unknown-linux-gnu; 'Fri, 28 Nov 2025 20:45:01 +0000'; unix"
"nlme","3.1-171","R 4.6.1; aarch64-unknown-linux-gnu; 'Thu, 03 Sep 2026 23:29:58 +0000'; unix"
"nnet","7.3-21","R 4.6.1; aarch64-unknown-linux-gnu; 'Tue, 04 Aug 2026 19:18:50 +0000'; unix"
"parallel","4.6.1","R 4.6.1; aarch64-unknown-linux-gnu; 2026-08-23 18:01:00 UTC; unix"
"rpart","4.1.27","R 4.5.3; aarch64-unknown-linux-gnu; 'Wed, 08 Apr 2026 01:01:46 +0000'; unix"
"spatial","7.3-17","R 4.4.0; aarch64-unknown-linux-gnu; 'Sat, 27 Apr 2024 18:04:14 +0000'; unix"
"splines","4.6.1","R 4.6.1; aarch64-unknown-linux-gnu; 2026-08-23 18:01:00 UTC; unix"
"stats","4.6.1","R 4.6.1; aarch64-unknown-linux-gnu; 2026-08-23 18:01:00 UTC; unix"
"stats4","4.6.1","R 4.6.1; ; 2026-08-23 18:01:00 UTC; unix"
"survival","3.8-12","R 4.6.1; aarch64-unknown-linux-gnu; 'Sat, 12 Sep 2026 12:38:28 +0000'; unix"
"tcltk","4.6.1","R 4.6.1; aarch64-unknown-linux-gnu; 2026-08-23 18:01:00 UTC; unix"
"tools","4.6.1","R 4.6.1; aarch64-unknown-linux-gnu; 2026-08-23 18:01:00 UTC; unix"
"utils","4.6.1","R 4.6.1; aarch64-unknown-linux-gnu; 2026-08-23 18:01:00 UTC; unix"
